,train_acc,train_loss,test_acc,test_loss,com_time,except_users
0,0.9166666666666666,-0.9091591883546662,0.9263,-0.007280711644887924,2.384313725490196,0
1,0.9366666666666671,-0.9429764310747271,0.9376,-0.007396250033378601,4.455392156862745,16
