,train_acc,train_loss,test_acc,test_loss,com_time,except_users
0,0.10666666666666666,-0.09921179332832496,0.1132,-0.0007852085426449776,2.472058823529412,0
