,train_acc,train_loss,test_acc,test_loss,com_time
0,0.11666666666666667,-0.1168028850108385,0.1016,-0.0008584865652024746,10.0
